{"cameraMode":{"drawMode":0,"name":"Shaded","section":"Shading Mode"},"sceneLighting":false,"audioPlay":false,"sceneViewState":{"showFog":false,"showMaterialUpdate":false,"showSkybox":false,"showFlares":false,"showImageEffects":false,"showParticleSystems":false},"in2DMode":false,"pivot":{"x":-2.2263567447662355,"y":-3.996115207672119,"z":4.420926094055176},"rotation":{"x":-0.47915923595428469,"y":-0.017906062304973604,"z":0.009777766652405262,"w":-0.8774921298027039},"size":7.241317272186279,"orthographic":false}