{"cameraMode":{"drawMode":0,"name":"Shaded","section":"Shading Mode"},"sceneLighting":false,"audioPlay":false,"sceneViewState":{"showFog":false,"showMaterialUpdate":false,"showSkybox":false,"showFlares":false,"showImageEffects":false,"showParticleSystems":false},"in2DMode":false,"pivot":{"x":-0.11471594870090485,"y":0.09607312083244324,"z":0.910309910774231},"rotation":{"x":0.06283192336559296,"y":0.9258976578712463,"z":-0.32742059230804446,"w":0.17769773304462434},"size":0.25980767607688906,"orthographic":false}