{"cameraMode":{"drawMode":0,"name":"Shaded","section":"Shading Mode"},"sceneLighting":false,"audioPlay":false,"sceneViewState":{"showFog":false,"showMaterialUpdate":false,"showSkybox":false,"showFlares":false,"showImageEffects":false,"showParticleSystems":false},"in2DMode":false,"pivot":{"x":253.7760009765625,"y":178.8351287841797,"z":-18.25933837890625},"rotation":{"x":-0.015880480408668519,"y":-0.04706898704171181,"z":0.0007481951615773141,"w":-0.9987695813179016},"size":150.45790100097657,"orthographic":false}