{"cameraMode":{"drawMode":0,"name":"Shaded","section":"Shading Mode"},"sceneLighting":false,"audioPlay":false,"sceneViewState":{"showFog":false,"showMaterialUpdate":false,"showSkybox":false,"showFlares":false,"showImageEffects":false,"showParticleSystems":false},"in2DMode":false,"pivot":{"x":-2.9579803943634035,"y":0.32954323291778567,"z":-1.0679242610931397},"rotation":{"x":-0.1968173384666443,"y":0.6347407698631287,"z":-0.17178726196289063,"w":-0.7272253036499023},"size":6.179423809051514,"orthographic":false}