{"cameraMode":{"drawMode":0,"name":"Shaded","section":"Shading Mode"},"sceneLighting":false,"audioPlay":false,"sceneViewState":{"showFog":false,"showMaterialUpdate":false,"showSkybox":false,"showFlares":false,"showImageEffects":false,"showParticleSystems":false},"in2DMode":false,"pivot":{"x":1.1920928955078126e-7,"y":0.8100000619888306,"z":5.150000095367432},"rotation":{"x":-0.32887226343154909,"y":0.6670807003974915,"z":-0.5154853463172913,"w":-0.42559608817100527},"size":1.2240893840789796,"orthographic":false}