{"cameraMode":{"drawMode":0,"name":"Shaded","section":"Shading Mode"},"sceneLighting":false,"audioPlay":false,"sceneViewState":{"showFog":false,"showMaterialUpdate":false,"showSkybox":false,"showFlares":false,"showImageEffects":false,"showParticleSystems":false},"in2DMode":false,"pivot":{"x":-1.4057374000549317,"y":1.4162020683288575,"z":-2.5572564601898195},"rotation":{"x":0.24848969280719758,"y":0.045022085309028628,"z":-0.011563102714717389,"w":0.9675186276435852},"size":1.4941190481185914,"orthographic":true}