{"cameraMode":{"drawMode":0,"name":"Shaded","section":"Shading Mode"},"sceneLighting":false,"audioPlay":false,"sceneViewState":{"showFog":false,"showMaterialUpdate":false,"showSkybox":false,"showFlares":false,"showImageEffects":false,"showParticleSystems":false},"in2DMode":false,"pivot":{"x":-3.1488380432128908,"y":-5.084306716918945,"z":0.6652193069458008},"rotation":{"x":-0.33271265029907229,"y":-0.6436652541160584,"z":0.3671698570251465,"w":-0.583258330821991},"size":19.442344665527345,"orthographic":false}