{"cameraMode":{"drawMode":0,"name":"Shaded","section":"Shading Mode"},"sceneLighting":false,"audioPlay":false,"sceneViewState":{"showFog":false,"showMaterialUpdate":false,"showSkybox":false,"showFlares":false,"showImageEffects":false,"showParticleSystems":false},"in2DMode":false,"pivot":{"x":0.038860321044921878,"y":1.393155574798584,"z":-1.0724413394927979},"rotation":{"x":0.1364240199327469,"y":0.6546649932861328,"z":-0.12177225947380066,"w":0.7334768772125244},"size":11.881978988647461,"orthographic":false}