{"cameraMode":{"drawMode":0,"name":"Shaded","section":"Shading Mode"},"sceneLighting":false,"audioPlay":false,"sceneViewState":{"showFog":false,"showMaterialUpdate":false,"showSkybox":false,"showFlares":false,"showImageEffects":false,"showParticleSystems":false},"in2DMode":false,"pivot":{"x":-0.7938329577445984,"y":-0.8924723267555237,"z":4.5469746589660648},"rotation":{"x":-0.6261429786682129,"y":0.018004097044467927,"z":-0.014464707113802433,"w":-0.7793667316436768},"size":8.906100273132325,"orthographic":false}