{"cameraMode":{"drawMode":0,"name":"Shaded","section":"Shading Mode"},"sceneLighting":false,"audioPlay":false,"sceneViewState":{"showFog":false,"showMaterialUpdate":false,"showSkybox":false,"showFlares":false,"showImageEffects":false,"showParticleSystems":false},"in2DMode":false,"pivot":{"x":-3.859999895095825,"y":0.8100000619888306,"z":0.0},"rotation":{"x":0.04873349517583847,"y":0.25307127833366396,"z":-0.012767808511853218,"w":0.9661414623260498},"size":1.2116578817367554,"orthographic":false}