{"cameraMode":{"drawMode":0,"name":"Shaded","section":"Shading Mode"},"sceneLighting":false,"audioPlay":false,"sceneViewState":{"showFog":false,"showMaterialUpdate":false,"showSkybox":false,"showFlares":false,"showImageEffects":false,"showParticleSystems":false},"in2DMode":false,"pivot":{"x":11.595062255859375,"y":5.812014579772949,"z":12.963339805603028},"rotation":{"x":-0.1968173384666443,"y":0.6347407698631287,"z":-0.17178726196289063,"w":-0.7272253036499023},"size":3.238708019256592,"orthographic":false}