{"cameraMode":{"drawMode":0,"name":"Shaded","section":"Shading Mode"},"sceneLighting":false,"audioPlay":false,"sceneViewState":{"showFog":false,"showMaterialUpdate":false,"showSkybox":false,"showFlares":false,"showImageEffects":false,"showParticleSystems":false},"in2DMode":false,"pivot":{"x":2.3353476524353029,"y":2.974437713623047,"z":-0.10939979553222656},"rotation":{"x":-0.08934202045202255,"y":0.7565935850143433,"z":-0.1057702898979187,"w":-0.6390675902366638},"size":5.534784317016602,"orthographic":false}