{"cameraMode":{"drawMode":0,"name":"Shaded","section":"Shading Mode"},"sceneLighting":false,"audioPlay":false,"sceneViewState":{"showFog":false,"showMaterialUpdate":false,"showSkybox":false,"showFlares":false,"showImageEffects":false,"showParticleSystems":false},"in2DMode":false,"pivot":{"x":-0.7971398830413818,"y":0.8120176792144775,"z":1.6136829853057862},"rotation":{"x":-0.11333727091550827,"y":-0.7599949836730957,"z":0.13782162964344026,"w":-0.6249590516090393},"size":4.972728252410889,"orthographic":false}