{"cameraMode":{"drawMode":0,"name":"Shaded","section":"Shading Mode"},"sceneLighting":false,"audioPlay":false,"sceneViewState":{"showFog":false,"showMaterialUpdate":false,"showSkybox":false,"showFlares":false,"showImageEffects":false,"showParticleSystems":false},"in2DMode":false,"pivot":{"x":-1.7881393432617188e-7,"y":0.843029260635376,"z":0.29227393865585329},"rotation":{"x":-0.1968173384666443,"y":0.6347407698631287,"z":-0.17178726196289063,"w":-0.7272253036499023},"size":1.3627185821533204,"orthographic":false}