{"cameraMode":{"drawMode":0,"name":"Shaded","section":"Shading Mode"},"sceneLighting":false,"audioPlay":false,"sceneViewState":{"showFog":false,"showMaterialUpdate":false,"showSkybox":false,"showFlares":false,"showImageEffects":false,"showParticleSystems":false},"in2DMode":false,"pivot":{"x":37.983070373535159,"y":-5.690895080566406,"z":3.4888906478881838},"rotation":{"x":0.0014270441606640816,"y":0.7396089434623718,"z":-0.6730421781539917,"w":0.0015620962949469686},"size":31.073270797729493,"orthographic":false}