{"cameraMode":{"drawMode":0,"name":"Shaded","section":"Shading Mode"},"sceneLighting":false,"audioPlay":false,"sceneViewState":{"showFog":false,"showMaterialUpdate":false,"showSkybox":false,"showFlares":false,"showImageEffects":false,"showParticleSystems":false},"in2DMode":false,"pivot":{"x":-0.39435866475105288,"y":-1.5952494144439698,"z":-0.0166013240814209},"rotation":{"x":0.4721791744232178,"y":-0.0870032086968422,"z":0.04689892381429672,"w":0.8759453892707825},"size":2.1696431636810304,"orthographic":false}