{"cameraMode":{"drawMode":0,"name":"Shaded","section":"Shading Mode"},"sceneLighting":false,"audioPlay":false,"sceneViewState":{"showFog":false,"showMaterialUpdate":false,"showSkybox":false,"showFlares":false,"showImageEffects":false,"showParticleSystems":false},"in2DMode":false,"pivot":{"x":-2.846341609954834,"y":0.5302810668945313,"z":-2.792048931121826},"rotation":{"x":-0.1968173384666443,"y":0.6347407698631287,"z":-0.17178726196289063,"w":-0.7272253036499023},"size":4.379422664642334,"orthographic":false}