{"cameraMode":{"drawMode":0,"name":"Shaded","section":"Shading Mode"},"sceneLighting":false,"audioPlay":false,"sceneViewState":{"showFog":false,"showMaterialUpdate":false,"showSkybox":false,"showFlares":false,"showImageEffects":false,"showParticleSystems":false},"in2DMode":false,"pivot":{"x":4.752966403961182,"y":-1.935171127319336,"z":5.0337066650390629},"rotation":{"x":-0.6261429786682129,"y":0.018004097044467927,"z":-0.014464707113802433,"w":-0.7793667316436768},"size":8.522583961486817,"orthographic":false}