{"cameraMode":{"drawMode":0,"name":"Shaded","section":"Shading Mode"},"sceneLighting":false,"audioPlay":false,"sceneViewState":{"showFog":false,"showMaterialUpdate":false,"showSkybox":false,"showFlares":false,"showImageEffects":false,"showParticleSystems":false},"in2DMode":false,"pivot":{"x":0.26116615533828738,"y":1.1617156267166138,"z":1.3854800462722779},"rotation":{"x":-0.32887226343154909,"y":0.6670807003974915,"z":-0.5154853463172913,"w":-0.42559608817100527},"size":1.824089527130127,"orthographic":false}